"DESCRIPTION","DURATION IN MS","NAME","PARENT SUITE","START TIME","STATUS","STOP TIME","SUB SUITE","SUITE","TEST CLASS","TEST METHOD"
"","2715","Полное оформление заказа","tests","2026-10-05","passed","2026-10-05","TestOrderPage","test_order_page","",""
"","765","Редирект по кнопке 'Самокат'","tests","2026-10-05","passed","2026-10-05","TestOrderPage","test_order_page","",""
"","1339","Редирект по кнопке 'Яндекс'","tests","2026-10-05","passed","2026-10-05","TestOrderPage","test_order_page","",""
"","973","Проверка раскрытия вопроса FAQ: Я жизу за МКАДом, привезёте?","tests","2026-10-05","passed","2026-10-05","TestBasePage","test_main_page","",""
"","652","Проверка раскрытия вопроса FAQ: Вы привозите зарядку вместе с самокатом?","tests","2026-10-05","passed","2026-10-05","TestBasePage","test_main_page","",""
"","591","Проверка раскрытия вопроса FAQ: Можно ли продлить заказ или вернуть самокат раньше?","tests","2026-10-05","passed","2026-10-05","TestBasePage","test_main_page","",""
"","2815","Полное оформление заказа","tests","2026-10-05","passed","2026-10-05","TestOrderPage","test_order_page","",""
"","675","Проверка раскрытия вопроса FAQ: Можно ли отменить заказ?","tests","2026-10-05","passed","2026-10-05","TestBasePage","test_main_page","",""
"","634","Проверка раскрытия вопроса FAQ: Сколько это стоит? И как оплатить?","tests","2026-10-05","passed","2026-10-05","TestBasePage","test_main_page","",""
"","663","Проверка раскрытия вопроса FAQ: Как рассчитывается время аренды?","tests","2026-10-05","passed","2026-10-05","TestBasePage","test_main_page","",""
"","610","Проверка раскрытия вопроса FAQ: Можно ли заказать самокат прямо на сегодня?","tests","2026-10-05","passed","2026-10-05","TestBasePage","test_main_page","",""
"","850","Проверка раскрытия вопроса FAQ: Хочу сразу несколько самокатов! Так можно?","tests","2026-10-05","passed","2026-10-05","TestBasePage","test_main_page","",""
